{"cameraMode":{"drawMode":0,"name":"Shaded","section":"Shading Mode"},"sceneLighting":true,"audioPlay":false,"sceneViewState":{"showFog":true,"showMaterialUpdate":false,"showSkybox":true,"showFlares":true,"showImageEffects":true,"showParticleSystems":true},"in2DMode":false,"pivot":{"x":-0.5199999809265137,"y":11.029999732971192,"z":-1.5099999904632569},"rotation":{"x":-0.2233637273311615,"y":-0.019886162132024766,"z":0.004557390697300434,"w":-0.9745284914970398},"size":32.56275177001953,"orthographic":false}